n	lnL	lambda	mu	psi	rho
1	-5.22491	0.978203	1.07248	0.568905	0.553089
100	12.7743	2.87496	0.276963	1.82499	0.175881
200	17.4042	3.95793	0.140988	1.15313	0.180332
300	13.8992	3.14281	1.59982	1.19206	0.320017
400	10.948	2.8518	0.0550279	0.466872	0.251018
500	12.5115	2.96986	0.6357	1.99202	0.394899
600	14.2641	3.418	0.576901	0.613226	0.227089
700	14.7042	3.20834	0.0848098	1.48016	0.280196
800	10.1818	2.26077	1.16476	1.33885	0.275503
900	15.7012	3.43972	0.0279154	0.929426	0.135932
1000	16.2626	3.83798	0.3735	0.927879	0.275879
1100	15.7634	3.63708	0.697014	1.61067	0.248484
1200	14.3645	3.07173	0.409624	1.36362	0.187506
1300	17.1346	3.9021	0.367973	1.20694	0.197407
1400	11.6314	2.78877	0.193894	1.11611	0.0972148
1500	8.8355	2.27821	0.986086	1.3383	0.562802
1600	8.33375	2.20192	0.257878	1.81486	0.527444
1700	16.7073	3.72146	0.265825	1.05236	0.158498
1800	13.2695	3.00886	0.577543	0.909015	0.338376
1900	14.5348	3.13367	0.169209	1.58402	0.216255
2000	13.263	3.14571	0.952844	0.942607	0.387438
2100	10.5949	2.47961	0.352292	2.05665	0.404074
2200	15.5264	3.32057	0.151668	1.0363	0.173987
2300	14.9672	3.30718	0.573194	1.54604	0.262817
2400	15.8831	3.72243	0.754514	1.04092	0.303864
2500	12.9495	2.71328	0.0892185	1.29973	0.31578
2600	15.7419	3.71087	1.39011	1.42531	0.315936
2700	18.7658	4.65022	0.030533	0.665083	0.127789
2800	16.8998	4.04873	0.478238	0.981534	0.265992
2900	14.1334	3.39606	1.61387	0.825377	0.300367
3000	14.351	3.15521	0.349642	0.815303	0.238978
3100	11.6582	2.92935	1.35389	1.74897	0.537456
3200	14.0131	3.27085	0.241161	0.763512	0.302796
3300	10.3963	2.56425	2.19585	1.00186	0.323514
3400	15.3642	3.42144	0.195423	1.01123	0.277968
3500	15.4929	3.42008	0.0207819	0.863857	0.239027
3600	16.5287	3.72425	0.349281	1.31561	0.171698
3700	11.7053	2.48204	0.12459	0.878507	0.257694
3800	15.5822	3.56321	1.14593	1.23098	0.298407
3900	17.831	4.28618	1.04145	0.99391	0.187905
4000	18.3785	4.41222	0.446986	1.05239	0.177016
4100	11.217	2.38462	0.810175	1.40068	0.326508
4200	14.4871	3.32828	0.0884424	1.55429	0.324589
4300	13.3059	2.85985	0.968362	1.33306	0.239095
4400	13.1186	3.06807	0.459396	1.31767	0.413193
4500	14.4856	3.29376	0.0106822	0.644753	0.148423
4600	9.09564	2.2635	1.55728	0.94622	0.406306
4700	13.2756	2.79602	0.14053	0.893617	0.199461
4800	16.7684	4.43592	1.1551	0.59588	0.225885
4900	16.3145	3.86236	0.969199	1.40085	0.160768
5000	12.5251	2.62525	0.146465	0.909889	0.218593
5100	10.4082	2.50484	1.94909	1.25292	0.475458
5200	15.445	4.10519	0.722165	1.12278	0.073268
5300	13.3479	3.20486	0.0142664	0.946231	0.371185
5400	12.9137	2.99724	0.138705	0.704598	0.298365
5500	14.1728	3.65614	0.0365017	1.29182	0.392098
5600	16.674	3.8184	0.72639	1.32244	0.200179
5700	14.8985	3.43968	0.416831	0.722912	0.245522
5800	15.6546	4.03377	0.768202	1.83254	0.145695
5900	13.0994	2.74866	0.600001	1.19673	0.278399
6000	14.2779	4.1461	0.322156	0.340886	0.102139
6100	11.66	2.79092	2.3139	1.38054	0.268871
6200	16.1225	3.66115	0.0884123	0.881893	0.244334
6300	13.0079	2.95761	0.190523	0.663715	0.239127
6400	15.6122	3.38232	0.0811586	0.957613	0.150505
6500	15.6974	3.48625	0.323145	0.986213	0.256364
6600	18.7128	4.66591	0.116333	1.23247	0.158034
6700	19.0451	4.76671	0.0494076	1.12106	0.158138
6800	14.9847	3.34081	0.891023	0.980767	0.187263
6900	14.8995	3.33595	1.19411	1.15785	0.206432
7000	7.70907	1.96974	0.132955	1.35996	0.494287
7100	17.0412	3.83277	0.250388	1.11662	0.162587
7200	17.8956	4.26062	0.630185	0.865773	0.160068
7300	13.6052	2.92914	0.707541	1.19257	0.190406
7400	12.382	3.20331	2.49987	0.791866	0.325054
7500	18.5772	4.5204	0.630738	0.999791	0.166266
7600	17.1243	3.8912	0.187835	1.25864	0.177943
7700	11.7231	2.74819	0.564314	1.99708	0.184206
7800	9.96469	2.26235	1.0278	1.17247	0.225961
7900	10.1957	2.7488	0.547365	1.22591	0.55034
8000	13.4671	3.59536	0.21078	1.22261	0.0640351
8100	9.22934	2.39119	0.157004	0.534298	0.203409
8200	13.4463	3.26673	0.979993	1.14332	0.435874
8300	8.29436	2.19144	0.292695	0.653863	0.36499
8400	14.2725	3.26718	0.21304	1.11562	0.345906
8500	11.1783	2.70857	1.65059	1.17065	0.180057
8600	14.4589	3.34096	0.190717	0.963059	0.328794
8700	12.6558	2.59503	0.180769	1.08859	0.234501
8800	15.0207	3.40554	0.25334	0.787125	0.255417
8900	12.5736	2.73487	0.557703	1.80355	0.249853
9000	13.06	2.69349	0.196205	1.45797	0.234014
9100	13.9846	3.09891	0.808504	1.5619	0.328954
9200	17.2388	4.16605	1.34723	1.02815	0.243811
9300	13.3983	3.39748	0.148739	1.23507	0.0746667
9400	15.2108	3.51754	1.50146	1.21513	0.317286
9500	13.9537	3.22509	0.575636	1.5114	0.377333
9600	11.8096	2.9738	0.351357	0.515325	0.161488
9700	14.1778	3.42463	1.39679	0.748744	0.279452
9800	11.8536	3.08021	1.08734	0.800807	0.446434
9900	14.7981	3.15891	0.419453	1.26791	0.259095
10000	15.8844	3.44115	0.122982	0.948687	0.205445
10100	16.3542	3.63684	0.194436	0.887069	0.20486
10200	14.7131	3.32828	0.349875	1.36822	0.133244
10300	17.9232	4.75673	2.00984	0.858387	0.137308
10400	16.7495	3.94403	0.629912	1.1701	0.271933
10500	11.9571	2.58498	0.0640233	0.926556	0.320967
10600	14.9263	3.34719	0.88891	1.08923	0.303197
10700	17.9109	4.88355	0.070698	0.42155	0.101377
10800	10.9644	2.33104	0.675594	1.38764	0.344463
10900	17.1389	4.36386	1.72126	1.34302	0.310878
11000	13.546	2.9689	0.689655	1.73078	0.277406
11100	18.7641	4.62406	0.00290369	0.87068	0.177652
11200	12.3252	2.82985	0.0970297	0.669149	0.148077
11300	15.0357	3.59524	1.59767	0.867629	0.282407
11400	14.0086	3.12918	1.51717	1.29867	0.290431
11500	18.4963	4.68336	1.0307	0.756464	0.153119
11600	11.6854	2.88976	1.5663	0.750202	0.215425
11700	14.8923	4.28811	0.314155	0.667827	0.343123
11800	10.6897	2.43632	1.20854	1.81171	0.42268
11900	13.7809	4.24601	2.4256	0.577974	0.407426
12000	7.93567	1.90189	1.20695	1.35809	0.38525
12100	12.1411	2.94037	0.976468	0.738629	0.347545
12200	7.75027	2.04508	0.0754364	0.759351	0.405851
12300	14.6383	3.7042	0.47439	1.30755	0.085919
12400	13.4756	3.04881	0.979126	1.54836	0.181134
12500	5.89388	1.72345	0.347589	1.7373	0.535423
12600	13.1592	3.02185	0.539174	0.820027	0.138968
12700	14.2439	3.02011	0.0774861	0.884895	0.226579
12800	11.1455	2.74422	0.231707	1.88242	0.451356
12900	15.9868	3.68034	0.77767	0.988277	0.273504
13000	14.8989	3.93281	1.10611	0.657941	0.322079
13100	16.5466	3.75608	0.00363465	1.13984	0.245698
13200	16.4653	4.38881	0.504319	0.550373	0.230228
13300	14.6803	3.70514	0.967221	1.30609	0.421896
13400	14.8337	3.28304	0.134647	1.20476	0.127368
13500	15.4536	4.05117	2.10547	1.82026	0.393984
13600	10.0958	2.42714	2.25789	1.71289	0.397725
13700	15.1107	4.00086	0.661017	0.452892	0.151114
13800	13.8546	3.02029	1.16599	1.3171	0.258315
13900	15.3217	3.30388	0.294726	1.22552	0.253593
14000	12.7606	3.05651	0.425277	1.8505	0.40488
14100	12.2841	2.72493	0.711481	0.833184	0.249278
14200	13.2179	2.96619	0.76942	0.827726	0.277239
14300	15.9775	3.52404	0.444785	1.32111	0.196477
14400	17.4219	4.37887	0.952003	0.681466	0.195938
14500	12.4189	2.77801	1.31829	1.0081	0.29533
14600	17.5907	4.12891	0.260715	1.26243	0.198746
14700	11.5366	2.41029	0.599531	1.34323	0.296643
14800	14.6796	3.21185	0.632414	1.5443	0.231923
14900	11.5065	2.62006	0.24628	1.08837	0.406013
15000	10.1019	2.74681	0.588234	0.760503	0.0943762
15100	14.8234	3.17527	0.170151	0.880475	0.192553
15200	15.0954	3.29001	0.736825	1.27755	0.206913
15300	15.8949	3.65596	0.0215217	1.47497	0.136752
15400	4.72813	2.40295	1.16256	0.389076	0.499439
15500	12.2813	2.50953	0.158899	1.41265	0.233439
15600	16.7955	4.04311	0.315848	1.22666	0.108371
15700	12.7391	3.00657	0.403439	2.06936	0.345821
15800	17.0094	4.10145	0.0992126	1.35262	0.24881
15900	14.2169	3.49042	0.999452	1.24334	0.424369
16000	16.2015	3.68489	0.693431	1.09157	0.152425
16100	13.1599	2.84123	0.262166	1.41443	0.342321
16200	12.7082	3.30567	0.569832	0.477777	0.15429
16300	14.0251	3.1087	0.488377	1.63057	0.184045
16400	11.0809	2.88089	0.201012	0.72744	0.411546
16500	14.3881	3.53083	0.505669	0.543894	0.182835
16600	15.0475	3.60532	2.16564	1.46455	0.325865
16700	15.8449	3.70531	0.06526	0.775894	0.101405
16800	14.9857	3.60651	0.724349	0.678382	0.254941
16900	13.2178	3.22646	0.667017	1.30151	0.444225
17000	13.4861	2.89036	0.314827	1.16053	0.320992
17100	13.8542	3.26686	1.45113	1.70864	0.394931
17200	13.0849	2.79673	0.331943	1.02447	0.167828
17300	13.1144	2.73691	0.393133	1.21922	0.202038
17400	11.8566	3.10647	1.31603	2.06172	0.529553
17500	11.387	2.40111	0.283409	1.62939	0.327067
17600	13.0393	3.00422	0.845932	0.762393	0.281147
17700	15.3919	3.8957	1.755	1.25223	0.132861
17800	15.0515	4.18374	0.160215	0.817035	0.354006
17900	12.1849	2.77552	0.236934	1.58137	0.404156
18000	12.4992	3.04999	0.199548	0.896174	0.0884069
18100	17.5019	4.37787	1.12393	0.822867	0.123789
18200	18.325	4.35554	0.267445	1.05772	0.170387
18300	18.0212	4.40918	0.873472	0.988968	0.221257
18400	15.2812	3.38559	0.00301984	0.742577	0.203071
18500	14.5007	3.08203	0.496046	1.06935	0.231891
18600	12.0139	3.00158	0.367748	1.8592	0.449929
18700	16.3028	3.76142	0.78587	0.864802	0.222839
18800	15.0464	3.70476	0.126242	1.34092	0.351004
18900	14.7036	3.18837	0.408433	0.979538	0.26259
19000	13.3202	2.93378	0.753984	1.20645	0.357301
19100	12.7051	2.64002	0.299991	1.05658	0.26599
19200	11.8569	2.54559	1.03549	1.25346	0.303405
19300	14.4122	2.97069	0.00427962	1.11462	0.202441
19400	16.1325	3.50366	0.0264148	1.04664	0.151907
19500	11.3618	2.5525	1.4064	1.78747	0.330191
19600	17.1149	4.44243	1.17376	1.73009	0.206455
19700	14.9095	3.36518	1.31539	1.08732	0.275982
19800	14.887	4.23635	0.732617	0.378985	0.168444
19900	13.5923	3.24329	0.477629	1.68057	0.130596
20000	12.2519	2.74429	0.607343	1.98986	0.264799
20100	13.1477	3.29269	0.631242	1.03903	0.436518
20200	16.1026	3.57017	0.0632651	0.965533	0.236833
20300	14.2798	3.60828	1.9888	1.0113	0.420865
20400	14.6019	3.80078	0.291185	0.474498	0.217624
20500	8.7092	2.00275	0.360834	1.03844	0.379324
20600	14.3946	3.2034	0.512923	1.43124	0.329506
20700	8.54619	1.96459	0.890305	1.32257	0.272216
20800	18.2031	4.46864	0.359159	0.814829	0.106225
20900	15.827	3.60007	0.988836	1.05484	0.266245
21000	14.9285	3.55885	1.47865	1.52959	0.371971
21100	17.3857	4.36214	1.00958	0.767355	0.232725
21200	12.7277	3.06413	0.76454	0.629353	0.182048
21300	17.1036	4.1702	1.09825	0.938084	0.131226
21400	13.9669	3.18447	1.35782	0.951114	0.289726
21500	16.9028	3.80945	0.388657	1.0202	0.161185
21600	12.6999	3.32422	0.414888	0.541813	0.101949
21700	16.5348	3.73515	0.30336	0.833718	0.157376
21800	15.9234	3.60165	0.546696	1.11716	0.276473
21900	15.8127	3.57914	0.00599971	0.691278	0.149783
22000	16.3079	3.6293	0.296735	0.895788	0.16132
22100	11.8758	3.42052	0.46995	0.749642	0.0582497
22200	12.7037	2.6556	0.485691	1.08521	0.240342
22300	9.87425	3.33111	0.915418	0.412122	0.400071
22400	15.1604	3.28466	0.312706	0.978668	0.163931
22500	14.9365	3.37759	1.0544	1.33777	0.322982
22600	9.93539	2.27512	0.418057	0.827729	0.325742
22700	14.0348	3.30249	1.73017	1.38361	0.401567
22800	16.3991	3.85639	0.923686	1.42844	0.273171
22900	15.5787	3.94131	1.83726	1.86333	0.30881
23000	13.9177	3.12035	0.857384	1.54957	0.184722
23100	14.8791	3.32034	0.645335	1.47826	0.178162
23200	14.6875	3.30647	1.39052	1.15478	0.227209
23300	13.0367	2.826	0.154024	1.32804	0.142857
23400	14.2623	3.24439	0.0822645	0.685849	0.135661
23500	12.6041	2.69251	0.861303	1.11197	0.266619
23600	14.1759	3.17924	0.116789	0.783461	0.271425
23700	13.1468	3.06414	0.0584622	0.606546	0.143756
23800	14.2332	3.62812	0.721374	1.60773	0.106706
23900	14.3877	3.11641	0.887197	1.35415	0.2701
24000	11.0347	2.59028	0.353159	1.3346	0.457035
24100	10.6845	2.39121	1.18205	1.37426	0.233276
24200	14.7652	3.19741	0.592071	0.993415	0.239637
24300	12.8639	2.66054	0.0946841	1.46906	0.20355
24400	12.5374	2.64053	0.230248	1.1066	0.173364
24500	14.8085	3.27796	0.145726	1.39821	0.300349
24600	16.4372	3.86957	1.0834	1.46133	0.200696
24700	14.2903	3.46624	1.06951	0.872839	0.357652
24800	12.9754	2.9788	0.527656	0.683435	0.231899
24900	7.39884	1.77695	0.395146	1.19493	0.394184
25000	18.5051	4.37939	0.030193	0.929211	0.150554
25100	18.6174	4.57949	0.824028	0.961376	0.167398
25200	14.4944	3.022	0.125914	1.31987	0.210181
25300	13.0224	2.75197	0.781796	1.36902	0.2738
25400	16.8706	3.87109	0.131649	1.34191	0.1525
25500	10.844	2.78413	0.990116	2.49587	0.420377
25600	15.2158	3.97215	0.229024	1.14957	0.368161
25700	14.3858	3.11104	0.686088	0.992235	0.222181
25800	13.8339	3.02775	0.494718	1.70071	0.283277
25900	15.9505	3.82339	0.157896	1.75317	0.218502
26000	15.0017	3.50068	0.837148	1.76901	0.287146
26100	15.9161	3.75429	0.409823	0.653944	0.188724
26200	15.1906	3.55081	1.64631	1.03727	0.208117
26300	11.6383	2.90522	0.691814	0.559577	0.236867
26400	14.8752	3.25584	0.833824	1.04237	0.213702
26500	10.797	2.79276	0.197572	0.780695	0.0873282
26600	17.8413	4.36956	0.490849	0.837644	0.107245
26700	17.196	4.01216	0.965809	1.11428	0.198684
26800	12.0113	2.78055	0.0870668	0.663691	0.283724
26900	15.1539	3.36728	0.395645	1.56694	0.195048
27000	15.0975	3.64408	1.49161	0.825615	0.287382
27100	13.2842	2.78842	0.521521	1.46142	0.264206
27200	12.5443	2.64812	0.634554	1.30669	0.217245
27300	13.9001	3.25168	0.694363	1.22912	0.394209
27400	15.8486	3.99006	2.08992	1.15314	0.158734
27500	14.9093	3.93181	0.347528	0.657359	0.313496
27600	14.2444	2.97589	0.327832	1.1447	0.217452
27700	16.0724	3.53512	0.234535	1.19668	0.158166
27800	12.794	2.93118	0.873473	1.86399	0.207051
27900	16.6359	3.73657	0.530925	1.20833	0.208822
28000	18.367	5.28287	0.20326	1.61785	0.151445
28100	15.9425	4.31491	0.711195	0.494763	0.0940855
28200	14.1925	3.15044	0.443315	0.991232	0.139927
28300	11.9727	2.63557	0.562249	0.884707	0.306147
28400	16.0903	3.53417	0.247245	1.22952	0.23247
28500	11.9392	2.48845	0.436835	1.16128	0.296082
28600	17.5002	4.35309	1.43258	1.20933	0.153345
28700	15.1448	3.84448	0.48402	0.696836	0.303984
28800	15.459	3.33979	0.136385	1.40363	0.219077
28900	10.1148	2.55893	0.410805	0.858139	0.44963
29000	15.1772	3.3459	0.0965887	1.37696	0.145546
29100	14.625	3.28228	1.10365	1.46369	0.316343
29200	17.5671	4.74622	0.594984	0.53467	0.0841849
29300	14.4553	3.27664	1.02056	1.15741	0.161987
29400	14.6482	3.31877	0.147557	0.662875	0.17626
29500	11.6411	2.63508	0.18692	2.06962	0.321089
29600	17.6736	4.1818	0.227394	1.0371	0.219415
29700	19.3859	5.12791	1.15744	0.851345	0.183806
29800	14.0731	3.0072	0.544696	1.37872	0.200437
29900	12.1655	2.81289	0.38335	0.87552	0.125973
30000	16.4927	3.8909	1.1338	1.0114	0.267983
30100	15.037	3.56751	0.965877	1.5047	0.360616
30200	16.4054	3.7476	0.597344	1.3641	0.174553
30300	10.2014	3.12589	0.775299	0.391226	0.131287
30400	9.74121	2.25343	0.133889	1.1776	0.433857
30500	13.2214	2.7691	0.419855	1.43232	0.218861
30600	16.7988	4.01605	0.682307	0.781022	0.22515
30700	12.8988	2.81496	0.594522	0.911928	0.291168
30800	14.6276	3.41655	0.0800673	1.52698	0.118464
30900	15.1039	3.28461	0.3283	0.951556	0.162195
31000	8.89483	2.28794	1.76726	1.26411	0.558317
31100	16.569	3.83187	0.228505	1.49841	0.20824
31200	16.0359	4.03045	0.593332	0.72452	0.279082
31300	15.2576	3.60002	1.37806	0.939717	0.167409
31400	16.9265	3.89017	0.430719	1.1638	0.143839
31500	17.4368	4.47229	0.909348	1.50384	0.140973
31600	17.5873	4.16593	0.668626	1.22505	0.161955
31700	16.976	4.2013	0.781927	0.87756	0.27116
31800	14.7222	3.5108	0.573923	0.83498	0.320709
31900	9.78274	2.12656	0.427972	1.65288	0.239121
32000	19.1785	4.99307	0.0504126	0.837369	0.183278
32100	18.3399	4.43625	0.13719	1.12575	0.189842
32200	12.4575	3.3541	0.510477	0.608536	0.368231
32300	15.3109	3.48219	1.37425	1.38709	0.252369
32400	17.0002	4.14345	1.18077	1.41676	0.26897
32500	10.5989	2.75856	1.23116	0.59368	0.258475
32600	10.5242	3.29628	0.540318	2.91375	0.437901
32700	17.7803	4.38955	0.428133	1.23711	0.239353
32800	17.8539	4.26229	0.571813	1.16499	0.21061
32900	16.7649	3.89642	0.202848	0.917145	0.241296
33000	13.6552	3.10043	1.33744	1.33304	0.191637
33100	10.3605	2.51246	0.243981	0.784913	0.125607
33200	18.897	4.72594	0.802407	0.961462	0.176587
33300	14.91	3.1793	0.463965	1.12479	0.234092
33400	12.6616	3.27351	1.3981	0.671874	0.142915
33500	13.7604	2.98798	0.0436387	0.774209	0.235662
33600	16.015	3.71538	0.343281	0.690878	0.154873
33700	17.6228	4.35456	0.321615	0.62639	0.118847
33800	13.2613	2.8901	0.157761	1.62286	0.325325
33900	12.5313	2.80413	0.325899	1.25775	0.130659
34000	12.7686	2.81157	0.500134	1.66249	0.357914
34100	15.3647	4.15224	1.93197	1.70881	0.445133
34200	11.525	2.35828	0.115971	1.17276	0.282906
34300	13.7127	2.95878	0.521063	1.11233	0.313008
34400	15.8473	3.68587	0.112359	0.641075	0.183546
34500	13.0428	2.79633	0.0344969	0.901323	0.288881
34600	15.3708	3.6377	0.837923	1.36263	0.34737
34700	11.2758	2.52907	0.214291	1.43629	0.139296
34800	15.9049	3.86075	0.913235	1.36241	0.127243
34900	13.9149	3.37597	1.73715	1.43368	0.16689
35000	15.7416	3.39994	0.0024559	1.02386	0.146598
35100	14.5192	3.78389	0.600495	2.23244	0.219151
35200	16.761	3.91029	0.340402	0.993884	0.253866
35300	14.1907	3.23258	0.894701	0.824928	0.268495
35400	9.26335	2.20298	0.730307	2.15873	0.407732
35500	14.9562	3.50787	0.401083	1.28187	0.347543
35600	15.1161	3.48367	0.294928	1.32672	0.119968
35700	13.4006	3.29381	1.37481	2.12482	0.244479
35800	11.749	2.57225	0.123049	1.19971	0.379524
35900	14.1689	3.02674	0.14371	0.844885	0.200676
36000	10.8661	2.34554	0.0303412	0.837612	0.27366
36100	16.84	3.90947	0.0974485	0.831162	0.222153
36200	14.5978	3.20214	0.677555	0.972145	0.266061
36300	15.2175	3.4665	0.387521	1.66926	0.262168
36400	12.9243	3.11532	0.263612	2.05054	0.353786
36500	17.222	4.26486	0.787967	0.956638	0.272372
36600	12.7802	2.65469	0.514314	1.30235	0.245622
36700	13.721	3.01398	0.874583	1.10434	0.322988
36800	17.005	3.99456	0.24881	1.40414	0.152213
36900	15.332	3.71718	1.12178	1.13285	0.365954
37000	15.4092	3.43988	0.0258575	0.755345	0.217081
37100	13.9171	4.12528	0.649831	1.4524	0.480731
37200	13.8962	3.28437	1.53028	0.821417	0.26259
37300	15.639	3.79327	1.89758	1.03524	0.184127
37400	15.3013	3.29159	0.392397	1.01797	0.213955
37500	13.5047	3.21336	1.62384	1.96783	0.327925
37600	17.5569	4.51399	0.953134	0.93651	0.0952941
37700	17.4941	4.13153	0.537823	0.951804	0.13049
37800	17.4922	4.54021	0.0392679	1.60812	0.141925
37900	11.3633	2.7031	1.84072	1.20209	0.460398
38000	16.0864	3.71826	0.538823	1.53859	0.25068
38100	16.5697	4.08441	0.593371	0.72	0.244902
38200	16.6561	4.09345	1.22211	1.58914	0.192744
38300	16.3012	3.53102	0.0725172	1.11673	0.188125
38400	13.0454	2.85738	0.0989981	0.725182	0.201935
38500	7.02605	2.06034	1.0462	0.996794	0.568726
38600	17.2451	3.89758	0.22371	1.09065	0.162235
38700	13.8353	3.08309	0.716097	0.883876	0.286101
38800	14.9921	3.61315	1.65622	0.815014	0.248999
38900	17.082	4.07921	0.672882	1.34662	0.252157
39000	13.1928	2.95116	0.939002	1.4426	0.384947
39100	15.927	4.01853	1.15428	0.608284	0.170221
39200	14.9297	3.33929	0.30354	0.931635	0.129595
39300	14.4705	3.10768	0.350437	0.91555	0.230537
39400	15.1333	3.61799	0.886673	0.796003	0.293432
39500	13.0844	2.98238	0.553971	0.773893	0.158538
39600	13.2841	3.91486	0.822559	0.563406	0.37744
39700	13.205	2.81439	0.557588	0.972284	0.228802
39800	13.2762	3.61899	1.93316	0.564772	0.280777
39900	15.2874	3.79815	2.40334	1.54947	0.359439
40000	12.6791	3.18386	1.44402	0.637275	0.231033
40100	14.8044	3.64625	0.319697	1.66827	0.349457
40200	13.5357	2.92276	0.570417	1.66095	0.274826
40300	16.9502	4.11856	0.901666	1.25975	0.286527
40400	12.2648	3.08136	0.517275	0.642683	0.341665
40500	15.2028	3.39846	0.528451	0.868956	0.159132
40600	12.623	3.03698	1.43286	1.91101	0.206812
40700	12.8491	2.7775	0.600488	0.922016	0.270139
40800	14.5059	3.53172	0.345454	1.39544	0.379429
40900	12.418	2.94679	0.986987	1.02828	0.427282
41000	15.106	3.69855	1.21925	1.25029	0.392057
41100	12.7906	2.95151	1.59304	1.6471	0.230792
41200	15.5198	3.51576	0.531131	0.842764	0.244415
41300	14.8005	3.35668	0.537861	1.34168	0.333982
41400	15.5398	3.44419	0.78073	1.33234	0.203998
41500	12.7277	2.89117	0.484675	0.701884	0.209915
41600	12.3191	2.60215	0.393049	0.958774	0.249375
41700	13.0071	2.67402	0.288622	1.21268	0.258898
41800	14.5206	3.18344	0.361022	1.42995	0.162837
41900	13.2733	3.14056	2.16792	1.68809	0.374892
42000	13.2751	2.77721	0.0311451	1.48976	0.289134
42100	5.25349	1.81478	1.46461	1.48662	0.17248
42200	12.6794	3.60944	1.13939	2.55057	0.187408
42300	15.795	3.57434	0.326228	1.38673	0.148819
42400	13.044	3.01968	0.996151	0.764674	0.270995
42500	12.6483	2.65701	0.0634719	1.47156	0.17624
42600	19.0926	4.90012	0.576019	0.69217	0.122379
42700	11.2414	2.96168	0.942801	0.917316	0.0968232
42800	15.9206	3.42362	0.0943092	1.05632	0.209436
42900	14.7337	3.93352	0.912506	0.4714	0.199885
43000	9.75636	2.34059	1.14209	1.61383	0.188361
43100	13.5113	3.14948	0.287039	1.80636	0.151634
43200	11.4949	2.57074	0.313857	1.3976	0.142545
43300	15.1016	3.4306	0.660538	0.798026	0.170303
43400	15.296	3.45018	1.31291	1.29179	0.256925
43500	10.545	3.21398	0.535874	0.47905	0.388192
43600	12.3273	2.81272	0.0363173	0.620567	0.201184
43700	16.9119	4.16607	0.178547	1.60995	0.217666
43800	11.8884	2.736	1.05873	1.04441	0.406932
43900	12.3229	2.86836	0.112127	0.706521	0.125967
44000	13.8812	3.11592	0.122496	0.687452	0.159829
44100	15.4983	3.54036	0.518726	1.00716	0.127369
44200	15.4664	3.72705	0.0886685	0.569211	0.121008
44300	13.3243	2.97568	0.127448	0.767794	0.279911
44400	13.472	2.85094	0.19209	0.8822	0.208784
44500	19.4547	5.028	0.545658	0.872984	0.170531
44600	12.701	2.66688	0.565537	1.16922	0.293747
44700	14.2307	3.05907	0.393455	1.28036	0.302484
44800	15.5113	3.77274	0.214985	0.750189	0.282186
44900	17.3519	4.53989	1.93154	0.761967	0.232408
45000	12.6218	2.61244	0.0370965	1.36728	0.306092
45100	11.6077	2.66949	1.05951	0.955729	0.185799
45200	14.5668	3.79085	2.74917	1.49442	0.470936
45300	15.4477	3.46705	0.857049	1.32763	0.287161
45400	12.4485	3.08375	1.06944	1.28665	0.115194
45500	14.097	3.43306	0.499723	0.738871	0.323417
45600	11.8708	2.55629	0.66425	1.74002	0.31727
45700	11.2871	2.94541	2.30737	2.09898	0.560041
45800	11.2863	3.61751	1.38057	0.369368	0.293805
45900	15.2188	3.529	1.16241	1.54812	0.196067
46000	13.5877	3.15174	1.18673	1.52214	0.408655
46100	14.1061	3.14463	0.90902	0.879591	0.231531
46200	11.4874	2.53994	0.911644	1.87259	0.329214
46300	19.2246	4.99535	1.19599	0.84486	0.142948
46400	16.4385	4.58845	1.24138	1.88412	0.145324
46500	13.8509	2.94469	0.727225	1.32931	0.23656
46600	16.3361	3.99028	1.17362	0.712304	0.182437
46700	12.6979	2.87255	1.39089	1.07021	0.354816
46800	10.8749	3.02282	0.171412	2.31895	0.452355
46900	13.1933	2.90736	0.758952	1.03454	0.33382
47000	15.5757	3.85027	0.735382	1.62757	0.339468
47100	10.8607	3.08778	0.999765	0.586606	0.417976
47200	12.3199	2.66035	0.144876	1.55334	0.353508
47300	16.3246	3.6916	0.530088	1.29398	0.248342
47400	15.7858	4.1703	0.85348	0.818885	0.341453
47500	15.1129	3.44412	1.43757	1.06666	0.251984
47600	11.3945	2.44495	0.0424728	0.979191	0.329763
47700	13.8456	3.30743	0.309717	0.744044	0.317495
47800	17.2724	3.96374	0.254336	0.998384	0.13501
47900	17.0094	4.1514	0.866983	0.71918	0.201365
48000	16.4924	4.17368	0.97693	1.79073	0.203425
48100	13.2017	3.75828	0.39758	0.629979	0.0576953
48200	16.6258	4.12436	1.61629	0.832309	0.249389
48300	14.5849	3.42888	1.16432	0.766308	0.243943
48400	16.9495	4.42132	0.0449536	0.897564	0.0632449
48500	15.7254	3.41851	0.207823	1.10181	0.243011
48600	11.9124	2.58259	0.972994	1.67082	0.283877
48700	12.105	2.62767	0.000460171	0.989589	0.136986
48800	14.8041	3.19262	0.44574	0.954962	0.193693
48900	15.5812	4.16698	1.63926	0.558823	0.211733
49000	15.6281	3.38146	0.0771064	1.14804	0.246572
49100	13.5626	2.98224	0.900004	0.962248	0.280587
49200	15.5578	3.65759	1.37363	1.59613	0.286109
49300	15.5292	3.3727	0.565831	1.18369	0.205549
49400	15.2583	3.47713	0.509255	1.33506	0.138798
49500	14.3043	2.96362	0.140298	1.11158	0.212206
49600	15.0281	3.50441	1.09681	0.792716	0.235296
49700	14.4686	3.20656	1.05362	1.00519	0.255214
49800	10.8277	2.28285	0.311001	1.02924	0.271232
49900	15.4358	3.61307	0.448652	1.4336	0.320653
50000	14.8678	3.32925	0.0429253	1.08744	0.305269
50100	14.0025	3.81966	1.47938	0.540283	0.287342
50200	15.5432	3.44939	0.588742	0.969613	0.166803
50300	15.9507	3.88816	1.20639	1.7098	0.288983
50400	15.2131	3.82541	0.0549119	1.34072	0.346653
50500	18.4218	4.58303	0.59724	1.12688	0.212813
50600	15.5424	3.44145	0.218639	0.801024	0.202085
50700	11.6398	2.81545	0.351226	1.21348	0.45852
50800	13.6917	3.29169	0.319483	1.94863	0.341784
50900	11.5933	2.75554	0.8642	0.906349	0.40948
51000	15.6456	3.70142	1.27765	0.86673	0.26552
51100	15.6012	3.33708	0.0154167	0.930468	0.194447
51200	13.6748	2.82652	0.210488	1.26087	0.261777
51300	16.8268	4.63915	1.13735	0.647729	0.27724
51400	13.0828	3.55223	0.0023163	1.40323	0.437099
51500	11.0405	2.62752	1.10988	1.0263	0.447209
51600	10.9212	3.21627	0.542831	0.376251	0.248497
51700	15.597	3.6006	1.12734	1.35575	0.309999
51800	16.9737	4.0135	1.22608	1.14004	0.244113
51900	12.6933	2.61563	0.276537	1.16881	0.215332
52000	16.3921	3.63179	0.0765678	1.34193	0.194665
52100	15.3798	3.61119	0.299309	0.984232	0.100627
52200	17.9887	4.89798	0.297522	0.998148	0.262661
52300	10.6656	2.70455	0.368638	0.610796	0.341042
52400	13.3479	3.0241	0.3214	0.681584	0.224542
52500	15.5325	3.88726	0.706459	1.22998	0.368542
52600	17.0766	4.37616	0.310178	1.00232	0.286544
52700	18.5927	4.53933	0.247162	0.772538	0.121544
52800	15.2589	3.38125	0.935305	1.28577	0.206178
52900	15.5866	3.54187	0.229135	0.70708	0.162053
53000	16.7008	4.02112	1.24299	1.51283	0.220881
53100	11.995	2.64082	0.574296	1.14218	0.161982
53200	14.5035	3.44811	0.0865227	1.46907	0.349761
53300	13.2612	3.04769	0.650116	1.7627	0.375446
53400	11.8046	2.84579	0.353332	0.836448	0.394067
53500	15.0036	3.37039	0.451523	1.07213	0.307224
53600	14.2917	3.35399	1.34911	0.847083	0.188505
53700	15.1973	3.2703	0.30496	0.942731	0.19978
53800	15.8694	3.46683	0.0475873	0.845621	0.191851
53900	13.6665	2.88845	0.00173768	1.61057	0.256158
54000	14.5166	3.27302	0.371561	0.721446	0.214691
54100	15.6584	4.07875	0.151437	1.55245	0.330206
54200	16.0558	3.57967	0.222668	1.08091	0.254898
54300	14.5458	3.75765	0.00424915	0.449946	0.199237
54400	10.2808	2.72828	3.09319	1.98223	0.344649
54500	15.1558	3.30227	0.707502	1.1479	0.255034
54600	12.928	2.76706	0.544845	1.07194	0.313235
54700	13.4481	3.12043	0.811606	0.795559	0.310475
54800	14.656	3.19083	0.361896	1.09825	0.292251
54900	14.0701	3.18286	0.695376	1.30226	0.143911
55000	13.5357	2.93797	0.212218	1.72925	0.208544
55100	14.7918	3.3126	1.2233	1.15044	0.208544
55200	14.8813	3.74061	0.254029	1.74004	0.116575
55300	9.40763	2.06284	0.127116	1.53476	0.38704
55400	11.0792	2.66306	0.442628	1.59076	0.475918
55500	11.7221	2.69068	0.0390351	0.64141	0.253824
55600	16.3651	3.62032	0.011481	1.34989	0.195333
55700	17.3978	4.3845	0.350994	1.4544	0.245323
55800	10.6886	2.3027	0.129842	1.75259	0.208612
55900	16.2873	3.8196	0.830107	0.940605	0.135882
56000	13.6151	3.04299	0.660164	1.8347	0.247146
56100	13.5144	3.04371	1.03647	1.75761	0.332127
56200	14.8012	3.30851	0.0877665	0.719566	0.217667
56300	12.1033	2.50068	0.365797	1.33311	0.228557
56400	13.3025	2.92778	0.942614	1.69451	0.25379
56500	14.4775	3.12689	0.162217	0.881908	0.157839
56600	14.6834	3.80052	1.88734	1.59366	0.147068
56700	14.7224	3.35851	0.663478	0.746606	0.212298
56800	15.2513	3.84044	1.38234	1.97941	0.296995
56900	16.5621	3.85208	0.439035	1.16688	0.126054
57000	18.29	4.54798	0.231226	1.31987	0.184166
57100	16.1514	3.69057	0.375102	0.74972	0.17682
57200	15.1213	3.26011	0.0837813	1.39817	0.252368
57300	14.3931	3.27315	0.829554	0.866553	0.163179
57400	13.8751	2.94319	0.0800242	1.11684	0.29498
57500	13.1327	2.81654	0.659153	1.44031	0.20318
57600	8.49083	1.97473	0.113375	1.20241	0.421208
57700	16.5204	3.86416	1.11966	0.916675	0.186066
57800	10.7568	2.24707	0.160916	1.20222	0.326151
57900	13.56	2.92351	0.165432	1.61018	0.301438
58000	13.6437	2.85788	0.268342	1.02849	0.193554
58100	16.2303	3.61048	0.413451	1.06771	0.156581
58200	14.841	4.64661	1.31646	1.66468	0.494602
58300	14.0638	3.11852	0.405707	0.929647	0.302367
58400	14.7695	3.75903	0.421613	0.550045	0.248
58500	15.8045	3.6155	0.999935	1.30607	0.289618
58600	15.7771	3.60833	0.857809	1.36857	0.290291
58700	14.0875	2.91404	0.0724289	1.02979	0.216886
58800	13.1172	2.9197	0.663602	0.888657	0.307752
58900	13.1248	2.93046	0.725454	1.84031	0.234455
59000	15.4808	3.46236	0.435387	1.10782	0.138864
59100	18.2935	4.71572	0.486081	0.755337	0.212712
59200	12.8141	2.91417	1.2115	0.898321	0.221602
59300	14.2519	3.65362	0.0245845	1.22974	0.069344
59400	14.9052	3.18954	0.521602	1.25489	0.245277
59500	9.57863	2.79518	1.22467	1.15836	0.637795
59600	15.7723	3.45895	0.190055	1.29701	0.247964
59700	16.2111	3.57199	0.0210738	0.948703	0.136988
59800	15.2634	3.57882	1.31387	0.835615	0.215764
59900	16.7758	4.14656	1.52852	0.979409	0.28861
60000	19.0432	4.77221	0.408957	0.842736	0.113272
60100	12.2062	2.93482	2.25814	1.3042	0.456417
60200	14.7139	3.3217	0.110271	1.2167	0.322951
60300	17.0698	3.87331	0.455249	1.09183	0.202434
60400	15.8984	3.50253	0.0258768	0.946621	0.237087
60500	14.858	3.13485	0.21518	1.02764	0.202345
60600	15.0891	3.57815	0.981003	0.780134	0.148334
60700	16.4306	3.82107	0.0425344	0.876006	0.248529
60800	7.67853	2.27779	1.02602	0.601655	0.402316
60900	9.97859	2.39277	1.15813	0.817265	0.315832
61000	14.4899	3.00151	0.0132159	1.17155	0.186417
61100	13.7316	2.91058	0.514905	1.18287	0.291334
61200	15.3975	3.5362	0.59106	0.74477	0.169305
61300	16.2603	4.6944	0.0135695	1.29416	0.325318
61400	12.7788	2.68554	0.0142373	0.854572	0.207288
61500	14.5627	3.40583	0.833616	0.925755	0.332803
61600	16.1732	3.67897	0.959454	0.982592	0.20975
61700	15.0922	3.2748	0.097176	0.846018	0.159836
61800	14.807	3.87053	0.0798574	0.905448	0.0604354
61900	17.4201	4.11274	0.269694	0.807885	0.201563
62000	15.7398	3.62354	0.330007	1.56899	0.264601
62100	14.4152	3.03932	0.271678	1.4128	0.234254
62200	16.5906	3.71438	0.42815	0.948907	0.175228
62300	15.8056	3.65571	0.892989	0.825471	0.174577
62400	10.6831	2.32982	1.10031	1.50125	0.350001
62500	11.9859	2.76127	1.36775	1.3047	0.187279
62600	16.9184	4.40034	0.98783	0.740499	0.27226
62700	14.7485	3.27154	0.607682	1.49821	0.183174
62800	14.833	3.38899	0.749625	1.74031	0.228812
62900	15.1057	3.39908	0.521794	1.64325	0.255256
63000	12.378	2.61358	0.508111	1.19564	0.1996
63100	17.3065	4.34237	0.0482165	0.536384	0.152362
63200	13.3006	3.50083	1.18299	0.906209	0.453941
63300	13.9142	3.00728	0.243236	1.39921	0.317365
63400	10.4254	2.5364	2.32375	1.51703	0.490966
63500	13.5372	2.96414	0.299172	0.808593	0.256315
63600	16.7413	3.73351	0.0613674	0.874296	0.187709
63700	14.383	3.19304	0.144063	1.64539	0.288142
63800	12.9292	3.10021	0.90117	1.48818	0.129894
63900	14.7894	3.59253	0.283639	0.943818	0.344656
64000	8.53362	1.90828	0.319745	1.40753	0.382621
64100	15.5841	3.39794	0.26708	1.33047	0.246203
64200	14.3253	3.80357	0.676298	0.720521	0.362049
64300	16.5737	3.70958	0.221171	1.08673	0.230761
64400	16.7491	3.68286	0.0591446	1.00567	0.17563
64500	12.1941	2.72145	0.0410601	1.70578	0.150642
64600	13.0411	3.02156	1.09364	1.20069	0.417662
64700	11.9801	2.58561	0.269896	0.843354	0.264776
64800	13.3181	3.08897	1.1179	1.52597	0.418392
64900	15.5949	3.55557	0.277048	1.62354	0.242941
65000	12.45	3.15703	1.54182	0.928832	0.131336
65100	14.2649	2.98935	0.289311	1.31259	0.20551
65200	14.8127	3.40332	1.07162	1.65802	0.307902
65300	15.6235	3.50944	0.0538793	0.966685	0.268644
65400	11.1391	2.62641	1.79132	0.983474	0.306668
65500	13.3887	3.21578	0.143068	1.15834	0.396814
65600	14.9152	3.28055	0.706759	1.48869	0.264671
65700	15.8085	3.57302	0.0318704	0.86881	0.114578
65800	15.7415	3.9277	1.27571	0.65258	0.210836
65900	14.5047	3.45505	1.72996	1.62472	0.376851
66000	13.0868	2.75896	0.386113	1.59072	0.241585
66100	15.8398	4.37559	0.595729	1.46026	0.374806
66200	16.1758	4.19396	1.17313	1.62029	0.132901
66300	12.5869	3.54659	2.86918	0.787966	0.466924
66400	13.4083	3.11346	1.47557	1.1156	0.179054
66500	15.8217	3.53729	0.600237	0.933172	0.23269
66600	12.319	2.58042	0.37664	1.12608	0.200474
66700	15.6814	3.5733	0.53072	1.26156	0.298431
66800	14.9302	3.3962	0.533835	1.2431	0.132298
66900	13.5139	3.10695	1.19924	1.34643	0.404395
67000	17.7855	4.17568	0.259017	0.857497	0.184646
67100	13.8755	3.66585	0.315097	0.41969	0.165463
67200	13.7288	2.89425	0.566407	1.24834	0.215221
67300	14.463	3.5535	0.682948	1.31147	0.404229
67400	14.5451	3.10444	0.405641	1.03238	0.186111
67500	13.576	2.80139	0.0336982	1.25406	0.181279
67600	10.9921	2.88436	0.506211	2.11619	0.487449
67700	9.30466	2.2468	1.09116	1.08811	0.192216
67800	16.2707	3.76639	0.770689	1.0172	0.141023
67900	11.0631	3.07555	2.0711	1.09825	0.613354
68000	17.4018	4.22649	0.490393	0.695132	0.184216
68100	16.6839	4.15408	0.271676	0.610035	0.20827
68200	18.3113	4.45824	0.860523	0.959674	0.156213
68300	11.8177	2.71344	0.357422	0.756651	0.318658
68400	18.6121	4.6293	0.356922	0.762904	0.174133
68500	7.02334	1.83941	0.919274	1.42991	0.516156
68600	11.0618	2.53282	0.984337	1.98543	0.253335
68700	16.4806	3.7479	0.64286	0.912008	0.169796
68800	18.5255	4.65752	0.348702	0.915738	0.209078
68900	15.5658	4.32506	0.442654	1.22955	0.383082
69000	13.2012	2.80738	0.834428	1.2375	0.240419
69100	12.9629	3.38662	0.571222	0.499575	0.262601
69200	13.9934	3.32365	0.348498	0.581033	0.174089
69300	14.7643	3.31595	0.201499	1.02223	0.117731
69400	14.6324	3.24605	0.734323	0.94432	0.272466
69500	13.1584	2.7644	0.00568826	0.892948	0.178134
69600	12.9813	2.80981	0.0963319	0.794935	0.254081
69700	18.056	4.9381	0.278258	0.519354	0.178484
69800	15.1179	3.60114	0.313148	0.609113	0.136202
69900	16.7984	4.14321	1.80732	0.968069	0.261185
70000	15.7973	3.57186	0.581601	1.51607	0.239635
70100	17.6647	4.42257	0.452255	0.72207	0.0963974
70200	14.2548	3.21961	0.390967	0.882885	0.303525
70300	14.848	3.33102	0.734112	1.26929	0.156301
70400	15.9159	4.04866	1.189	1.57236	0.134032
70500	17.3209	4.39883	1.12094	1.00849	0.29173
70600	16.0741	3.59578	0.449891	1.37579	0.238028
70700	14.7864	3.49734	0.320679	0.603356	0.201358
70800	13.8599	3.06421	0.146807	0.870104	0.293066
70900	11.6895	3.01751	0.97867	0.656745	0.373466
71000	18.4504	4.89266	0.900682	0.925494	0.0880501
71100	18.2051	4.37439	0.246562	1.21515	0.17429
71200	10.4087	2.34288	0.503565	0.848807	0.310339
71300	16.2495	3.74542	0.747893	0.863126	0.227637
71400	16.3753	4.41604	2.09198	0.661636	0.254136
71500	14.2958	3.10693	0.658997	1.1599	0.176069
71600	18.2915	4.87505	2.29577	1.10613	0.166007
71700	17.27	4.20165	0.00566521	0.778752	0.0868157
71800	14.9574	3.4591	1.33802	1.25492	0.175233
71900	12.3239	2.8672	0.61376	1.48369	0.438884
72000	12.9955	2.72645	0.343522	1.3445	0.311998
72100	15.6736	3.69488	0.306192	0.675187	0.124967
72200	12.7065	2.86488	0.894057	0.882808	0.188642
72300	11.6769	2.5617	0.703548	1.2094	0.179767
72400	14.4374	3.15678	0.727628	0.997727	0.188884
72500	15.1906	3.81	0.2122	0.65471	0.278673
72600	14.1359	3.20684	1.44705	1.37129	0.350565
72700	15.2755	3.27236	0.302533	1.23312	0.242018
72800	15.3151	3.28501	0.0988912	1.12887	0.250608
72900	10.8762	2.39396	0.346918	1.20595	0.160189
73000	13.0387	2.75222	0.0522676	1.28704	0.321746
73100	13.3228	2.76721	0.384711	1.12331	0.229418
73200	10.9195	3.22195	0.436405	0.44406	0.337149
73300	12.9742	3.11372	1.44243	0.871735	0.369663
73400	14.2116	3.41925	1.7305	0.902026	0.185513
73500	13.2324	2.79887	0.314988	1.40466	0.315209
73600	13.9118	2.97886	0.563891	1.43834	0.204841
73700	13.3261	2.82106	0.376517	1.07045	0.181419
73800	13.1129	2.797	0.212994	1.03872	0.310101
73900	16.9004	3.91253	0.066149	1.18355	0.119472
74000	15.4108	3.84854	2.06843	0.825127	0.207186
74100	15.4161	3.7421	0.52397	0.755151	0.287229
74200	16.3571	3.62966	0.309908	1.11257	0.155861
74300	13.2022	3.16407	0.340826	0.620341	0.27254
74400	15.8948	4.02704	0.15623	0.935203	0.316942
74500	16.8397	3.92094	0.794346	1.02772	0.148323
74600	14.4875	3.29341	0.580508	0.734607	0.18744
74700	15.5353	3.70608	0.520263	1.81404	0.241115
74800	17.1296	3.97201	0.88655	1.10819	0.189614
74900	15.3299	3.54353	1.07454	0.831051	0.222213
75000	12.4314	2.60895	0.521045	1.49995	0.304203
75100	12.9186	3.20215	0.602159	0.543242	0.222909
75200	14.7704	3.28133	0.787578	0.902689	0.239631
75300	15.9257	4.08164	1.35464	1.08215	0.374665
75400	17.542	4.10343	0.651517	1.17212	0.19787
75500	11.5769	3.11979	0.365561	0.588476	0.0888202
75600	14.9198	3.22246	0.539372	1.41425	0.230626
75700	13.3444	3.30337	1.53888	0.686917	0.266944
75800	16.8464	3.81757	0.0171903	0.767844	0.151503
75900	12.7015	2.94419	1.19623	1.01355	0.166205
76000	14.5786	3.25189	0.929848	0.920762	0.205932
76100	12.8261	3.12844	0.337768	1.03956	0.418869
76200	15.5387	3.41075	0.321305	0.928239	0.158536
76300	12.7754	3.25728	0.5725	1.28372	0.472461
76400	11.9685	2.51403	0.577902	1.197	0.30833
76500	12.6176	3.59174	2.05023	1.36359	0.620813
76600	15.8161	3.53441	0.652329	0.910781	0.207915
76700	14.3137	3.23645	0.953566	1.30322	0.355215
76800	14.4125	3.53755	1.88788	0.798626	0.27281
76900	9.91284	2.27817	1.40959	1.16433	0.284825
77000	15.3442	3.55222	0.618546	1.60146	0.298299
77100	16.1371	3.73171	0.0660113	0.653895	0.149264
77200	13.4911	2.99138	0.992535	1.15569	0.182026
77300	13.7226	3.26793	1.42896	1.50939	0.165517
77400	12.1579	2.85504	0.99541	1.05424	0.428002
77500	12.4839	2.72359	1.22039	1.22761	0.253363
77600	13.3229	2.88215	0.0869059	1.13432	0.331571
77700	16.7538	4.39316	0.906444	1.24427	0.339289
77800	13.5693	3.00214	1.15401	1.03685	0.292737
77900	13.0467	2.83415	0.292185	0.904075	0.159993
78000	12.5957	3.09592	0.638091	0.71566	0.11792
78100	16.9434	3.87274	0.385119	0.857105	0.156003
78200	14.5317	3.52859	1.45085	0.734012	0.255967
78300	10.2938	2.26139	1.14716	1.36823	0.310809
78400	18.1127	4.57551	0.167412	0.907827	0.0825708
78500	11.2057	2.41431	0.689883	1.18131	0.214091
78600	16.153	4.3094	0.45334	0.548186	0.0786016
78700	14.789	3.61726	1.25373	1.13178	0.396711
78800	15.1779	3.35891	0.556565	1.30535	0.164356
78900	14.7622	3.23937	0.203707	1.111	0.297844
79000	14.5397	3.15884	0.825728	1.35804	0.21759
79100	15.9838	3.52868	0.490155	1.1465	0.170788
79200	13.5714	3.0754	1.62837	1.14597	0.324087
79300	14.3686	3.9273	0.365746	2.03196	0.118409
79400	11.8301	2.8503	0.717609	1.24081	0.115551
79500	14.2839	3.56406	1.33912	0.83371	0.366964
79600	14.316	2.99963	0.28234	1.35387	0.222998
79700	16.8619	3.89858	0.17164	0.739678	0.18148
79800	11.6357	2.65153	0.950469	1.01197	0.175977
79900	12.6901	2.95159	1.16864	1.62767	0.177494
80000	13.1738	3.2855	0.0873344	2.15285	0.160642
80100	11.5009	2.59628	0.8198	1.00413	0.176583
80200	6.7774	1.92219	1.98309	2.14159	0.354805
80300	12.5385	3.01394	0.978853	0.714112	0.167399
80400	15.1261	3.84508	1.14426	0.645261	0.274651
80500	14.8252	3.24752	0.648308	1.09839	0.171061
80600	15.6675	3.73386	1.21102	1.58031	0.184834
80700	16.8599	4.06159	0.979156	1.11881	0.28469
80800	13.8618	3.07412	0.850104	1.2507	0.349423
80900	13.7606	3.47054	1.09591	1.47466	0.465744
81000	17.1244	3.86407	0.223747	1.126	0.198666
81100	14.1163	3.49273	0.0754284	1.54251	0.0946405
81200	18.5454	4.80005	1.41154	0.767698	0.164011
81300	15.8585	3.64253	0.307495	1.16136	0.29265
81400	13.688	3.37415	0.79157	1.81422	0.141235
81500	13.1557	2.75189	0.185332	1.18023	0.30234
81600	15.2398	3.63216	0.788348	0.690177	0.234397
81700	9.20957	2.0261	0.302481	1.16063	0.361809
81800	14.307	3.1615	0.860783	0.928304	0.249492
81900	14.4587	3.04419	0.356124	1.22257	0.252302
82000	16.1095	3.50359	0.197778	1.14789	0.216896
82100	14.836	3.35438	0.330471	1.19498	0.123228
82200	16.1227	4.07318	1.39937	0.920561	0.115113
82300	14.103	3.39466	0.582211	1.38759	0.109628
82400	12.0903	3.07492	1.14439	0.626904	0.321792
82500	11.1666	2.60845	0.261391	0.863394	0.126193
82600	15.3543	3.64288	0.0598134	0.902244	0.302144
82700	14.6205	3.63482	1.06924	1.49697	0.122294
82800	7.69602	1.96338	0.103596	1.18202	0.47849
82900	13.7375	3.15901	0.5981	0.703768	0.24108
83000	16.7061	4.01749	0.280957	0.66551	0.115782
83100	15.701	3.57947	0.798854	1.54148	0.250145
83200	10.9718	2.77167	0.166799	0.983528	0.45658
83300	13.6492	3.26609	1.5146	1.73522	0.420766
83400	10.6385	2.29525	0.362523	0.931152	0.259841
83500	12.1675	2.62151	0.71938	1.37112	0.364292
83600	7.99833	2.10236	0.662571	0.719417	0.212975
83700	12.7583	2.86955	0.582108	1.98038	0.27027
83800	15.4288	3.28651	0.0643025	0.964057	0.179086
83900	16.7381	4.13622	1.33348	1.53339	0.284401
84000	12.6585	2.82892	0.536254	0.75894	0.233094
84100	16.5947	3.95916	0.408996	1.29568	0.119444
84200	16.078	4.02692	0.860426	0.902679	0.321184
84300	12.8624	3.26146	0.785521	0.533013	0.172524
84400	14.5778	3.10919	0.592495	1.18295	0.21399
84500	15.2662	4.09839	0.789985	1.00795	0.395129
84600	10.8261	2.39961	0.37626	0.827336	0.284984
84700	14.4879	3.271	1.0817	0.917342	0.202866
84800	13.58	3.20475	0.598495	0.741316	0.131547
84900	12.8986	2.94985	1.42099	0.921314	0.28584
85000	16.0429	3.58882	0.481299	1.28603	0.165415
85100	14.533	3.13694	0.575612	1.38905	0.281252
85200	17.0978	4.02721	0.125277	0.803218	0.107579
85300	13.1947	2.87558	0.792068	1.14191	0.337159
85400	12.2901	3.71634	1.95232	1.90733	0.654876
85500	15.0628	3.45237	1.21012	1.59858	0.239044
85600	9.73947	3.24509	0.0707343	0.312378	0.0903993
85700	12.2761	2.70161	0.523935	1.00493	0.350034
85800	15.8725	3.58234	0.35083	0.809286	0.218239
85900	14.0181	2.89118	0.115905	1.0924	0.216705
86000	13.1255	3.02894	0.790778	0.745295	0.275817
86100	14.2885	3.07567	0.175194	1.36233	0.157791
86200	17.8868	4.33525	0.693246	0.875149	0.207505
86300	12.2192	3.16717	0.0875661	0.433584	0.162253
86400	18.4991	4.92159	0.354048	0.734862	0.212886
86500	12.4571	2.75526	0.217837	1.8401	0.191571
86600	17.329	3.98172	0.213995	0.880549	0.137309
86700	11.639	3.26298	0.494808	0.680681	0.433757
86800	13.8908	3.19138	0.794963	1.10124	0.134294
86900	9.68018	2.74636	0.825838	2.07656	0.117028
87000	12.4196	2.67773	0.977784	1.53799	0.329169
87100	10.1113	2.30265	1.32819	1.10004	0.317622
87200	14.2107	3.30726	0.798419	0.795417	0.295418
87300	10.3667	2.252	0.26429	1.03057	0.346919
87400	10.0492	2.17682	0.805357	1.24856	0.29929
87500	16.9385	4.19997	0.762392	1.23337	0.299018
87600	18.0709	5.03515	1.83457	1.44073	0.131842
87700	15.4	3.68069	0.900376	1.7178	0.30927
87800	9.24842	2.22184	1.13447	0.975269	0.227747
87900	13.6147	2.95849	0.00527923	1.68265	0.178167
88000	13.7	3.33881	0.9528	1.01244	0.410953
88100	18.5712	4.85057	0.326925	0.62467	0.173954
88200	14.311	3.31716	0.854915	0.926329	0.137794
88300	13.8013	3.32028	0.239199	0.915431	0.0891775
88400	16.4443	4.0782	0.505077	1.4359	0.304325
88500	13.7016	3.01492	0.382099	0.895126	0.29389
88600	13.6876	2.98623	0.217149	0.877075	0.283064
88700	15.4686	3.64355	0.166531	0.902927	0.297237
88800	12.9471	2.81688	1.12988	1.2013	0.237781
88900	13.9039	3.4597	0.743545	0.941438	0.399286
89000	13.7998	3.09111	1.11939	1.13955	0.344725
89100	12.9551	3.30237	0.103294	2.29223	0.17762
89200	13.9553	3.33557	0.312229	0.740968	0.314105
89300	18.4742	4.73728	0.543587	0.645999	0.166015
89400	10.6683	2.32269	0.63211	1.468	0.393837
89500	15.5984	3.76987	1.41728	1.14941	0.142227
89600	8.31492	2.02529	0.714851	1.64765	0.49452
89700	12.5266	3.25143	0.825767	0.529265	0.148292
89800	17.8297	4.15127	0.297852	0.935734	0.145199
89900	17.2099	4.54143	0.670631	0.643382	0.0821231
90000	14.639	3.73122	0.0713478	0.481437	0.210666
90100	13.12	3.23406	0.687567	2.00824	0.401241
90200	14.6748	3.21943	0.810211	1.06873	0.277988
90300	14.6837	3.59046	0.396744	2.04046	0.247259
90400	16.8499	3.99189	0.792131	0.828608	0.222016
90500	11.6161	2.74469	0.291608	0.611156	0.246766
90600	15.7849	3.83926	0.313962	1.55038	0.307672
90700	14.6421	3.22794	0.491663	0.854649	0.240842
90800	15.3363	3.54543	1.63989	1.11251	0.255065
90900	11.0019	2.65331	0.927532	1.54744	0.143629
91000	14.2699	3.06695	0.694384	1.15999	0.200143
91100	12.3546	3.26295	0.353306	2.20584	0.136218
91200	18.7475	4.84711	1.48578	0.894831	0.195499
91300	14.744	3.23807	0.113188	1.15234	0.300557
91400	16.1258	3.80568	1.25533	0.92444	0.259752
91500	13.1143	3.0931	0.230739	0.578083	0.178597
91600	16.3109	3.69737	0.238673	0.839817	0.220873
91700	17.879	4.33402	0.985883	1.21836	0.207981
91800	14.2165	3.04895	0.35738	0.908685	0.233807
91900	8.39487	2.02388	0.611802	1.14196	0.451946
92000	15.5499	3.54358	0.517085	0.776076	0.220089
92100	12.2094	2.97134	1.17964	0.742884	0.170631
92200	11.2507	3.51462	1.59473	0.645425	0.515943
92300	13.9833	3.03834	0.619841	0.929017	0.255553
92400	13.0828	2.91268	0.0938094	1.22305	0.364862
92500	14.1529	3.44143	1.09162	0.657525	0.245429
92600	12.3428	2.81772	0.397085	0.880658	0.35599
92700	12.6951	2.71518	0.0880816	0.802164	0.211059
92800	8.962	2.29545	0.189758	2.04925	0.144941
92900	19.212	5.07567	1.04017	0.835683	0.194727
93000	12.2698	2.75564	0.0963748	0.764619	0.301581
93100	15.4107	3.513	0.39541	0.95639	0.288306
93200	18.7516	4.94137	0.369123	0.545327	0.113084
93300	10.8896	2.27436	0.0897406	1.49014	0.334207
93400	11.8821	2.5416	0.841309	1.41319	0.236161
93500	16.2734	3.76754	0.610441	0.872672	0.24507
93600	15.9366	3.5078	0.0771881	1.29371	0.242765
93700	13.8543	3.21203	0.293881	0.678702	0.260422
93800	17.8377	4.3399	0.332918	1.00647	0.105065
93900	13.5255	3.21745	1.13031	0.946109	0.137909
94000	14.6816	3.67985	1.06143	0.962567	0.389183
94100	17.5802	4.10664	0.334926	1.08734	0.135326
94200	17.3848	4.03147	0.148594	1.2171	0.140213
94300	16.7397	3.92193	1.06064	0.905878	0.19422
94400	12.9584	2.711	0.209933	1.28055	0.177793
94500	15.2481	3.36119	0.577884	1.45019	0.20014
94600	14.4347	3.14594	0.379229	0.945552	0.157787
94700	13.3467	3.31649	0.771383	0.55274	0.202451
94800	16.8214	4.16149	0.107284	0.573233	0.181479
94900	15.4179	3.30365	0.037458	1.07335	0.241655
95000	11.2137	2.80941	1.89312	0.942869	0.191653
95100	13.2987	3.04909	0.925712	0.905508	0.339791
95200	14.6062	3.24519	1.16288	1.44824	0.281277
95300	14.4675	3.60036	0.667852	1.24224	0.4079
95400	19.2126	5.0807	0.231108	0.670942	0.167108
95500	13.6582	2.87814	0.642472	1.21003	0.254567
95600	12.8975	2.81383	0.108036	1.85095	0.218282
95700	15.0799	3.70618	0.990028	0.713799	0.127701
95800	11.9586	3.16705	1.22994	0.625531	0.369054
95900	13.4644	2.96166	0.736579	0.908873	0.27899
96000	15.8162	3.84924	1.08347	1.59657	0.161277
96100	19.8582	5.40994	1.27689	0.740151	0.144873
96200	10.3653	2.70147	1.28561	0.63314	0.330479
96300	17.6536	4.61168	0.384723	1.63432	0.180858
96400	7.4992	1.97736	0.156089	1.58065	0.132363
96500	13.5141	2.8663	0.53337	1.01003	0.223213
96600	12.9215	3.07723	0.61412	0.721235	0.134724
96700	15.5967	3.47939	0.862222	1.12997	0.184018
96800	15.485	4.32114	1.40677	0.492903	0.117624
96900	15.3757	4.03771	1.44206	1.28764	0.102738
97000	15.4398	3.37429	0.579322	0.993457	0.201553
97100	16.5384	4.12549	0.345146	0.77497	0.0839966
97200	14.3937	3.15211	0.788284	1.14287	0.1807
97300	14.5762	3.79771	1.07158	1.81163	0.4189
97400	17.1388	4.30317	1.09078	1.06427	0.29821
97500	9.38857	2.21606	1.23968	1.13825	0.231139
97600	14.8418	3.75252	0.757494	1.76655	0.375456
97700	11.9267	2.61856	0.597448	0.908477	0.30997
97800	14.9504	3.41364	0.960144	1.62541	0.297732
97900	16.0096	4.12177	1.4156	0.650538	0.246487
98000	11.5585	2.37812	0.0238715	1.52452	0.29823
98100	15.304	3.63785	0.427285	0.94038	0.319278
98200	12.654	3.28732	1.23129	1.03098	0.099
98300	13.3353	3.01061	0.801483	1.67642	0.186347
98400	16.7232	3.76424	0.379899	0.904551	0.184381
98500	16.436	3.66774	0.212955	1.297	0.222541
98600	7.68439	2.19213	1.40426	0.78651	0.199839
98700	14.2876	3.44249	1.46664	0.919364	0.356789
98800	19.5419	4.98999	0.275279	0.813402	0.149136
98900	11.879	2.74499	0.664842	1.04581	0.136007
99000	13.5493	3.06203	0.23759	0.775959	0.289011
99100	11.0471	2.32263	0.140947	1.60786	0.330716
99200	15.8614	3.71824	1.2025	1.43996	0.303055
99300	13.8364	3.23367	0.774233	1.85905	0.190085
99400	14.5889	3.62919	0.545579	1.44089	0.100203
99500	13.9203	3.11671	0.402943	1.23101	0.353839
99600	12.8147	2.708	0.109963	1.36067	0.328716
99700	14.2932	4.03475	0.445611	0.862018	0.405849
99800	16.0922	4.65784	0.743727	1.44127	0.0706135
99900	15.4078	3.37286	0.467738	0.992554	0.169439
100000	14.7598	3.33279	0.632185	0.87981	0.150573
